,Mutations,Count,Residue
0,R233H/C,20,233
3,N107T/I,10,107
5,K230R,8,230
6,G397R,7,397
7,A117P,7,117
8,H318Y/L,6,318
10,P174R,5,174
11,H196R,4,196
12,G282V,3,282
13,H180R,3,180
14,N188S,3,188
15,D216E,3,216
16,Y465C,3,465
17,C333Y,3,333
18,Q376P,3,376
19,N361K,2,361
20,N340K,2,340
21,Q386R,2,386
22,L453P,2,453
23,S171N,2,171
24,I229T,2,229
25,S334R,2,334
26,S365G,2,365
27,S366N,2,366
28,N373S/D,3,373
30,M195V/T,3,195
32,G275E,2,275
33,C434Y,2,434
34,D425V,2,425
35,D341N/G,4,341
38,G346D,1,346
39,R160G,1,160
40,R350Q/W,2,350
42,R268G,1,268
43,R261I,1,261
44,A274V/T,2,274
46,A298P,1,298
47,A308T,1,308
48,R101P,1,101
49,R444G,1,444
50,Q439P,1,439
51,A317V,1,317
52,A385D,1,385
53,Q254R,1,254
54,Q185R,1,185
55,Q142K,1,142
56,R51Q,1,51
57,P369S,1,369
58,R87H,1,87
59,V73M,1,73
60,V435M,1,435
61,V394L,1,394
62,V322D,1,322
63,V140G,1,140
64,T381I,1,381
65,T375I,1,375
66,T330P,1,330
67,T277I,1,277
68,S419P,1,419
69,S399N,1,399
70,A194T,1,194
71,A239T,1,239
72,A258E,1,258
73,S187L,1,187
74,S158I,1,158
75,P374S,1,374
76,P192L,1,192
77,P309S,1,309
78,L244P,1,244
79,L211P,1,211
80,L132S,1,132
81,K467R,1,467
82,K337T,1,337
83,E355K,1,355
84,E362Q,1,362
85,H402Y,1,402
86,E53K,1,53
87,H235R,1,235
88,F312C/S,2,312
90,H135R,1,135
91,G97D,1,97
92,G69V,1,69
93,L218P,1,218
94,L303S,1,303
95,G354R,1,354
96,L315P,1,315
97,C377F,1,377
98,D189N,1,189
99,N329S,1,329
100,N310Y,1,310
101,M454I,1,454
102,M382V,1,382
103,M368T,1,368
104,L507P,1,507
105,E126D,1,126
106,L335P,1,335
107,A103V,1,103
